WKT,rid,name
"LINESTRING (-21.9348912 64.1440043,-21.9338223 64.1453913)","1","A"
"LINESTRING (-21.9285042 64.1443567,-21.9322321 64.1432880)","2","B"
"LINESTRING (-21.9445107 64.1451639,-21.9396879 64.1442317)","3","C"
"LINESTRING (-21.9434679 64.1494382,-21.9386191 64.1459938)","4","D"
"LINESTRING (-21.9328969 64.1500122,-21.9418647 64.1462723)","5","E"
