WKT,
"POINT (83.0994223061251 54.8636303079762)"
