WKT,
"POINT (83.0994223061251 54.8636303079762)"
"POINT (83.0778499991205 54.8684786453587)"
"POINT (83.0786516286557 54.8339399736836)"
"POINT (83.0931591680492 54.8431153162221)"
"POINT (83.1027830673473 54.8299759408754)"
"POINT (83.11014763137 54.8578660540368)"
