WKT,
"POINT (83.101975 54.867964)"
"POINT (83.103528 54.866829)"
"POINT (83.096488 54.869142)"
"POINT (83.084065 54.866859)"
"POINT (83.088000 54.861262)"
"POINT (83.110515 54.836079)"
"POINT (83.107766 54.833323)"
"POINT (83.106885 54.842568)"
"POINT (83.092721 54.836598)"
"POINT (83.097589 54.886091)"
"POINT (83.047648 54.848355)"
"POINT (83.048613 54.849309)"
